"bio02","bio03","bio05","bio13","bio15","bio18"
"bio02",1,0.062404841812603,0.434351017798285,-0.311184239445742,0.565415127104044,-0.142491185506227
"bio03",0.062404841812603,1,-0.128318512348693,0.247731025502842,0.202975895244271,-0.163691889864274
"bio05",0.434351017798285,-0.128318512348693,1,-0.24688887222379,0.245539942651092,-0.250898511245954
"bio13",-0.311184239445742,0.247731025502842,-0.24688887222379,1,-0.102208038244038,0.505299963267228
"bio15",0.565415127104044,0.202975895244271,0.245539942651092,-0.102208038244038,1,-0.0555292890440255
"bio18",-0.142491185506227,-0.163691889864274,-0.250898511245954,0.505299963267228,-0.0555292890440255,1
